"job_id","name","language_iso_639_1"
"1","Autoren","de"
"1","Writing Department","en"
"1","Departamento de redacción","es"
"1","Département écriture","fr"
"1","Scenariusz","pl"
"2","Produzenten","de"
"2","Production Department","en"
"2","Departamento de producción","es"
"2","Département production","fr"
"2","Produkcja","pl"
"3","Regie","de"
"3","Directing Department","en"
"3","Departamento de realización","es"
"3","Département réalisation","fr"
"3","Reżyseria","pl"
"4","Darsteller","de"
"4","Actors","en"
"4","Actores","es"
"4","Acteurs","fr"
"4","Obsada","pl"
"5","Kamera","de"
"5","Kameramann","de"
"5","Camera Department","en"
"5","Kamera","en"
"5","Departamento de fotografía","es"
"5","Département image","fr"
"5","Zdjęcia","pl"
"6","Beleuchtung","de"
"6","Lighting Department","en"
"6","Departamento de iluminación","es"
"6","Oświetlenie","pl"
"7","Ton","de"
"7","Sound Department","en"
"7","Departamento de sonido","es"
"7","Département son","fr"
"8","Ausstattung","de"
"8","Art Department","en"
"8","Departamento de Arte","es"
"9","Kostüme und Make-Up","de"
"9","Costume & Make-Up Department","en"
"9","Departamento de vestuario y maquillaje","es"
"10","Schnitt","de"
"10","Editing Department","en"
"10","Departamento de edición","es"
"10","Département montage","fr"
"11","Visuelle Effekte","de"
"11","Visual Effects Department","en"
"11","Departamento de efectos visuales","es"
"11","Efectos visuales","es"
"11","Efekty specjalne","pl"
"12","Crew","de"
"12","Crew","en"
"12","Equipo de rodaje","es"
"12","Ekipa filmowa","pl"
"13","Autor","de"
"13","Writer","de"
"13","Author","en"
"13","Writer","en"
"13","Autor","es"
"13","Auteur","fr"
"13","Autor","pl"
"14","Andere (Autoren)","de"
"14","Other (Writing Department)","en"
"14","Otros (departamento de redacción)","es"
"14","Autre (Département écriture)","fr"
"15","Akteur","de"
"15","Actor","en"
"15","Craig Allison","en"
"15","Actor","es"
"15","Acteur","fr"
"15","Aktor","pl"
"16","Produktion","de"
"16","Produzent","de"
"16","Produzent","de"
"16","Produzent","de"
"16","Produzent","de"
"16","Produzent","de"
"16","Producer","en"
"16","Produzent","en"
"16","Produzent","en"
"16","Produzent","en"
"16","Produzent","en"
"16","Produzent","en"
"16","Productor","es"
"16","Producteur","fr"
"16","Producer","pl"
"17","Besetzungschef","de"
"17","Casting","de"
"17","Casting","en"
"17","Casting Director","en"
"17","Casting","fr"
"18","Ausstattung","de"
"18","Bauten","de"
"18","Production Design","de"
"18","Production Designer","de"
"18","Produktionsdesign","de"
"18","Szenenbild","de"
"18","Production Design","en"
"18","Production Design","en"
"18","Production Designer","en"
"18","Production Designer","en"
"18","Produktionsdesign","en"
"18","Produktionsdesign","en"
"18","Diseño de producción","es"
"19","Ton","de"
"19","Sound Designer","en"
"19","Diseñador de sonido","es"
"20","Andere (Produzenten)","de"
"20","Other (Production Department)","en"
"20","Otros (departamento de producción)","es"
"21","Regie","de"
"21","Regisseur","de"
"21","Regisseur","de"
"21","Director","en"
"21","Regisseur","en"
"21","Regisseur","en"
"21","Dirección","es"
"21","Director","es"
"21","Réalisateur","fr"
"22","Andere (Regie)","de"
"22","Other (Directing Department)","en"
"22","Otros (departamento de realización)","es"
"22","Autre (Département réalisation)","fr"
"23","Bildgestaltung","de"
"23","Kamera","de"
"23","Kameramann","de"
"23","Cinematographer","en"
"23","Cinematography","en"
"23","Director of Photography","en"
"23","Director de fotografía","es"
"23","Directeur de la photographie","fr"
"24","Andere (Kamera)","de"
"24","Other (Camera Department)","en"
"26","Andere (Beleuchtung)","de"
"26","Other (Lighting Department)","en"
"26","Otros (departamento de iluminación)","es"
"27","Komponist","de"
"27","Original Music Composer","en"
"27","Compositor de la música original","es"
"28","Andere (Ton)","de"
"28","Other (Sound Department)","en"
"28","Otros (departamento de sonido)","es"
"29","Szenenbildner","de"
"29","production designer, costume designer","en"
"29","Set Designer","en"
"29","Diseñador del escenario","es"
"30","Andere (Ausstattung)","de"
"30","Other (Art Department)","en"
"30","Otros (departamento de Arte)","es"
"32","Andere (Kostüme und Make-Up)","de"
"32","Other (Costume & Make-Up)","en"
"32","Otros (vestuario y maquillaje)","es"
"33","Film Editor","de"
"33","Filmeditor","de"
"33","Montage","de"
"33","Schnitt","de"
"33","Schnitt","de"
"33","Editor","en"
"33","Film Editor","en"
"33","Film Editor","en"
"33","Montage","en"
"33","Schnitt","en"
"33","Montaje","es"
"33","Monteur","fr"
"34","Andere (Schnitt)","de"
"34","Other (Editing Department)","en"
"34","Otros (departamento de edición)","es"
"35","Visual Effects Supervisor","en"
"35","Supervisor de efectos visuales","es"
"36","Andere (Visuelle Effekte)","de"
"36","Other (Visual Effects Department)","en"
"36","Otros (departamento de efectos visuales)","es"
"38","Creature Design","de"
"38","Creature Design","en"
"38","Diseño de criaturas","es"
"40","Ausführender Produzent","de"
"40","Executive In Charge Of Production","en"
"40","Executive Producer","en"
"40","Productor ejecutivo","es"
"40","Producteur exécutif","fr"
"41","Co-Produktion","de"
"41","Co-Produzent","de"
"41","Koproduktion","de"
"41","Koproduzent","de"
"41","Co-Producer","en"
"41","Co-Productor","es"
"41","Co-Producteur","fr"
"43","Associate Producer","de"
"43","Associate Producer","en"
"43","Productor asociado","es"
"43","Producteur associé","fr"
"44","Line Producer","de"
"44","Line Producer","en"
"44","Productor lineal","es"
"49","Tonüberwachung","de"
"49","Supervising Sound Editor","en"
"49","Supervisión de editor de sonido","es"
"52","Mischtonmeister","de"
"52","Re-Recording","en"
"52","Re-Recording Mixer","en"
"52","Re-Recordist","en"
"52","Sound Re-Recording","en"
"52","Sound Re-Recording Mixer","en"
"52","Sound Re-Recordist","en"
"52","Mezclador de grabación de sonido","es"
"53","Toneffekte","de"
"53","Sound Effects Editor","en"
"53","Editor de los efectos de sonido","es"
"55","Music Editor","de"
"55","Music Editor","en"
"55","Editor de música","es"
"57","Sound Director","de"
"57","Sound Director","en"
"57","Director de sonido","es"
"61","Tonmeister","de"
"61","Production Sound Mixer","en"
"61","Mezclador de la producción de sonido","es"
"62","Tonschnittassistenz","de"
"62","Assistant Sound Editor","en"
"62","Asistente del editor de sonido","es"
"63","Sound Montage Associate","de"
"63","Sound Montage Associate","en"
"67","Tonschnitt","de"
"67","Sound Editor","en"
"67","Editor de sonido","es"
"68","Special Guest Director","en"
"68","Director de los invitados especiales","es"
"68","Special Guest Réalisateur","fr"
"77","Art Director","de"
"77","Künstlerische Leitung","de"
"77","Art Direction","en"
"77","Art Director","en"
"77","Director de arte","es"
"77","Dyrektor artystyczny","pl"
"78","Erster Kameraassistent","de"
"78","First Assistant Camera","en"
"81","Bühnenbild","de"
"81","Set Decoration","en"
"81","Decoración del escenario","es"
"85","Unterwasserkamera","de"
"85","Underwater Camera","en"
"85","Cámara acuática","es"
"88","Conceptual Design","de"
"88","Conceptual Design","en"
"88","Diseño conceptual","es"
"94","Erster Lichttechniker","de"
"94","Best Boy Electric","en"
"94","Asistente eléctrico","es"
"95","Oberbeleuchter","de"
"95","Gaffer","en"
"95","Gerente de iluminación","es"
"98","Kameraoperateur","de"
"98","Kameraoperateur","de"
"98","Camera Operator","en"
"98","Kameraoperateur","en"
"98","Kameraoperateur","en"
"98","Kameraoperateur","en"
"98","Kameraoperateur","en"
"98","Kameraoperateur","en"
"98","Kameraoperateur","en"
"98","Kameraoperateur","en"
"98","Kameraoperateur","en"
"98","Operador de cámara","es"
"98","Operator zdjęciowy","pl"
"99","Chief Technician / Stop-Motion Expert","de"
"99","Chief Technician / Stop-Motion Expert","en"
"99","Jefe Técnico / Experto en Stop-Motion","es"
"100","Drehbuch","de"
"100","Drehbuch","de"
"100","Drehbuch","en"
"100","Drehbuch","en"
"100","Screenplay","en"
"100","Guión","es"
"100","Guión","es"
"100","Scénario","fr"
"103","Buch","de"
"103","Buchvorlage","de"
"103","Roman","de"
"103","Novel","en"
"103","Novela","es"
"103","Roman","fr"
"104","Geschichte","de"
"104","Story Artist","de"
"104","Story","en"
"104","Story Artist","en"
"104","Historia","es"
"104","Histoire","fr"
"111","Charaktere","de"
"111","Figuren","de"
"111","Character Design","en"
"111","Character Designer","en"
"111","Characters","en"
"111","Personajes","es"
"111","Personnages","fr"
"111","Postacie","pl"
"126","Adaption","de"
"126","Adaptation","en"
"126","Adaptación","es"
"126","Adaptacja","pl"
"133","Dialoge","de"
"133","Dialogue","en"
"133","Diálogo","es"
"138","Bühnenstück","de"
"138","Theatre Play","en"
"138","Obra de teatro","es"
"138","Théâtre","fr"
"138","Sztuka teatralna","pl"
"153","Animation","de"
"153","Animation Artist","de"
"153","Animator","de"
"153","Animation","en"
"153","Animation Artist","en"
"153","Animator","en"
"153","Animación","es"
"154","Choreograf","de"
"154","Choreographer","en"
"154","Coreógrafo","es"
"154","Choreograf","pl"
"156","Stunts","de"
"156","Stunts","en"
"156","Stunts","es"
"157","Spezialeffekte","de"
"157","Special Effects","en"
"157","Efectos especiales","es"
"159","Visual Effects","de"
"159","Visual Effects","en"
"159","Efectos visuales","es"
"163","Settings","de"
"163","Settings","en"
"163","Escenarios","es"
"164","Interior Designer","de"
"164","Interior Designer","en"
"164","Diseñador de interiores","es"
"165","Produktionsleiter","de"
"165","Production Management","en"
"165","Production Manager","en"
"165","Gerente de producción","es"
"169","Tonmischung","de"
"169","Sound Mixer","en"
"169","Mezclador de sonido","es"
"202","Schnittassistenz","de"
"202","Assistant Editor","en"
"202","Asistente del editor","es"
"204","Recording Supervision","de"
"204","Recording Supervision","en"
"204","Supervisión de grabación","es"
"205","Schnittüberwachung","de"
"205","Supervising Film Editor","en"
"205","Supervisión de montaje","es"
"206","Filmproduktionsleiter","de"
"206","Unit Production Manager","de"
"206","x_Unit Production Manager","de"
"206","Unit Production Manager","en"
"206","Unit Production Manager","en"
"206","x_Unit Production Manager","en"
"206","Gerente de unidad de producción","es"
"207","1. Regieassistenz","de"
"207","Assistant Director","de"
"207","Assistant to the Director","de"
"207","Erste Regieassistenz","de"
"207","Erster Regieassistent","de"
"207","Regieassistent","de"
"207","Regieassistenz","de"
"207","Assistant Director","en"
"207","Assistant to the Director","en"
"207","First Assistant Director","en"
"207","Primer asistente de dirección","es"
"207","Premier Assistant Réalisateur","fr"
"209","Idee","de"
"209","Idea","en"
"209","Idea","es"
"209","Idée","fr"
"210","Storyboard","de"
"210","Storyboard Artist","de"
"210","Storyboard","en"
"210","Storyboard Artist","en"
"210","Guión gráfico","es"
"211","Make-Up","de"
"211","Makeup","de"
"211","Make-Up","en"
"211","Make-Up Artist","en"
"211","Makeup","en"
"211","Makeup Artist","en"
"211","Maquillador","es"
"216","Erste Produktionsassistenz","de"
"216","Erster Produktionsassistent","de"
"216","First Assistant Production","en"
"216","First Production Assistant","en"
"216","Premier assistant de production","fr"
"217","Zweiter Produktionsassistent","de"
"217","Second Assistant Production","en"
"217","Second assistant de production","fr"
"218","Production Supervisor","de"
"218","Überwachender Produzent","de"
"218","Production Supervisor","en"
"218","Supervising Producer","en"
"218","Supervisor de producción","es"
"218","Superviseur de la production","fr"
"220","Casting Associate","de"
"220","Casting Associate","en"
"220","Asociado de casting","es"
"221","Aufnahmeleiter","de"
"221","Location Manager","en"
"221","Gerente de localización","es"
"222","Aufnahmeleiter Assistenz","de"
"222","Assistant Location Manager","en"
"222","Asistente del Gerente de localización","es"
"223","Motivsucher","de"
"223","Location Scout","en"
"223","Buscador de lugares","es"
"224","Production Coordinator","de"
"224","Production Coordinator","en"
"224","Coordinador de producción","es"
"225","Assistent Production Coordinator","de"
"225","Assistant Production Coordinator","en"
"225","Asistente del coordinador de producción","es"
"226","Produktionsleiter Assistenz","de"
"226","Assistant Production Manager","en"
"226","Assistent Production Manager","en"
"226","Asistente del gerente de producción","es"
"227","Production Office Coordinator","de"
"227","Production Office Coordinator","en"
"227","Coordinador de producción de oficinas","es"
"228","Assistent Production Office Coordinator","de"
"228","Assistent Production Office Coordinator","en"
"229","Produktionsbuchhaltung","de"
"229","Production Accountant","en"
"229","Contable de producción","es"
"230","Assistent Produktionsbuchhaltung","de"
"230","Produktionsbuchhaltung Assistenz","de"
"230","Accounting Production Assistant","en"
"230","Assistant Accountant","en"
"230","Assistant Production Accountant","en"
"230","Asistente del contable de producción","es"
"231","Second Unit","de"
"231","Second Unit","en"
"231","Unidad segunda","es"
"232","Second Unit Director","de"
"232","Second Unit Director","en"
"232","Director de la segunda unidad","es"
"233","Production Director","de"
"233","Production Director","en"
"233","Director de producción","es"
"235","Script Supervisor","de"
"235","Continuity","en"
"235","Script","en"
"235","Script Girl","en"
"235","Script Supervision","en"
"235","Script Supervisor","en"
"235","Supervisor del guión","es"
"235","Superviseur script","fr"
"236","Publizist","de"
"236","Publicist","en"
"236","Publicista","es"
"237","Second Unit Production Manager","de"
"237","Second Unit Production Manager","en"
"237","Director de producción de segunda unidad","es"
"238","Produktionsassistent","de"
"238","Produktionsassistenz","de"
"238","Assistant Production","en"
"238","Assistant to the producer","en"
"238","Production Assistant","en"
"238","Asistente de producción","es"
"238","Assistant de production","fr"
"239","2. Regieassistenz","de"
"239","Zweite Regieassistenz","de"
"239","Zweiter Regieassistent","de"
"239","Second Assistant Director","en"
"239","Segundo asistente de dirección","es"
"239","Second Assistant Réalisateur","fr"
"240","Second Second Assistant Director","de"
"240","Second Second Assistant Director","en"
"240","Second Assistant Réalisateur","fr"
"241","3. Regieassistenz","de"
"241","Dritte Regieassistenz","de"
"241","Dritter Regieassistent","de"
"241","Third Assistant Director","en"
"241","Tercer asistente de dirección","es"
"241","Troisième Assistant Réalisateur","fr"
"242","4. Regieassistenz","de"
"242","Vierte Regieassistenz","de"
"242","Vierter Regieassistent","de"
"242","Fourth Assistant Director","en"
"242","Cuarto Asistente de Dirección","es"
"243","Additional Assistant Director","de"
"243","Additional Assistant Director","en"
"243","Asistente de dirección adicional","es"
"243","Assistant réalisateur aditionnel","fr"
"246","Kameraassistenz","de"
"246","Assistant Camera","en"
"246","Asistente de Cámara","es"
"247","Zweite Kameraassistenz","de"
"247","Zweiter Kameraassistent","de"
"247","Second Assistant Camera","en"
"247","Second Camera Assistant","en"
"248","B-Kamera","de"
"248","Additional Camera","en"
"248","Cámara adicional","es"
"249","Additional Photography","de"
"249","Additional Photography","en"
"249","Fotografía adicional","es"
"250","Helikopterkamera","de"
"250","Helicopter Camera","en"
"250","Cámara en helicóptero","es"
"251","Kamerabühne","de"
"251","Dolly Grip","en"
"252","Grip","de"
"252","Grip","en"
"252","Maquinista","es"
"253","Materialassistenz","de"
"253","Key Grip","en"
"254","Steadicam Operator","de"
"254","Steadicam Operator","en"
"254","Operador de Steadicam","es"
"255","Steadicam Assistent","de"
"255","Steadicam Assistant","en"
"255","Asistente de Steadicam","es"
"256","Camera Grip","de"
"256","Camera Grip","en"
"257","Standfotograf","de"
"257","Still Photographer","en"
"257","Fotografía fija","es"
"258","Dramaturg","de"
"258","Creative Producer","en"
"258","Productor creativo","es"
"258","Producteur créatif","fr"
"259","Gastdarsteller","de"
"259","Special Guest","en"
"259","Invitado especial","es"
"260","Cameo","de"
"260","Cameo","en"
"260","Cameo","es"
"261","Beleuchtungsassistent","de"
"261","Gaffer Assistent","en"
"261","Asistente del Gerente de iluminación","es"
"262","Elektriker","de"
"262","Electrician","en"
"262","Electricista","es"
"263","Lichttechniker","de"
"263","Lichttechniker","de"
"263","Lighting Technician","en"
"263","Lighting Technician","en"
"263","Técnico de iluminación","es"
"264","Zusatzbeleuchter","de"
"264","Additional Lighting","en"
"264","Iluminación adicional","es"
"265","Additional Soundtrack","de"
"265","Additional Soundtrack","en"
"265","Banda sonora adicional","es"
"266","Toningenieur","de"
"266","Sound Engineer","en"
"266","Ingeniero de sonido","es"
"267","Sprechrolle","de"
"267","Stimme","de"
"267","Voice","en"
"267","Voz","es"
"267","Voix","fr"
"268","Tonassistent","de"
"268","Assistent Sound Designer","en"
"268","Asistente del diseñador de sonido","es"
"270","Tonangler","de"
"270","Boom Operator","en"
"270","Operador de micrófono","es"
"271","Geräuschemacher","de"
"271","Foley Artist","en"
"271","Diseñador de sonidos","es"
"272","Geräuschschnitt","de"
"272","Foley Editor","en"
"273","Geräuschmischer","de"
"273","Foley Mixer","en"
"274","Geräuschtonmeister","de"
"274","Foley Recordist","en"
"275","Geräusche","de"
"275","Foley","en"
"276","Automatische Dialogaufnahme & Synchronisation","de"
"276","ADR & Dubbing","en"
"276","ADR y doblaje","es"
"277","Sprachsynchronmischung","de"
"277","ADR Mixer","en"
"277","Mezclador ADR","es"
"278","Sprachsynchronaufnahme","de"
"278","ADR Recordist","en"
"278","Grabador ADR","es"
"279","Sprachsynchronschnitt","de"
"279","ADR Editor","en"
"279","Editor ADR","es"
"280","Synchronregisseur","de"
"280","Dubbing Director","en"
"280","Director de doblaje","es"
"281","Synchronmischung","de"
"281","Dubbing Mixer","en"
"281","Mezclador de doblaje","es"
"283","Lieder","de"
"283","Songs","en"
"283","Canciones","es"
"295","Toneffektüberwachung","de"
"295","Supervising Sound Effects Editor","en"
"295","Supervisión del editor de efectos de sonido","es"
"297","Stunt Double","de"
"297","Stunt Double","en"
"297","Doble","es"
"297","Doublure","fr"
"298","Executive Consultant","de"
"298","Executive Consultant","en"
"298","Consultor ejecutivo","es"
"298","Consultant exécutif","fr"
"299","Story Editor","de"
"299","Story Editor","en"
"299","Editor de historias","es"
"300","Co Regisseur","de"
"300","Co-Regie","de"
"300","Co Regisseur","en"
"300","Co-Director","en"
"300","Co-Director","es"
"300","Co-Director","es"
"300","Co-Réalisateur","fr"
"301","Original Story","de"
"301","Original Story","en"
"301","Historia original","es"
"301","Histoire originelle","fr"
"302","Musik","de"
"302","Music","en"
"302","Music","en"
"302","Música","es"
"306","Supervising Technical Director","de"
"306","Supervising Technical Director","en"
"306","Director técnico supervisor","es"
"309","Supervising Animator","de"
"309","Supervising Animator","en"
"309","Supervisor de animación","es"
"310","Lighting Supervisor","de"
"310","Lighting Supervisor","en"
"310","Supervisor de iluminación","es"
"311","Layout Supervisor","de"
"311","Layout Supervisor","en"
"311","Supervisor de diseño","es"
"312","Shading Supervisor","de"
"312","Shading Supervisor","en"
"312","Supervisor de sombreado","es"
"313","Modeling Supervisor","de"
"313","Modeling Supervisor","en"
"313","Supervisor de modelado","es"
"314","Set Dressing Supervisor","de"
"314","Set Dressing Supervisor","en"
"314","Supervisor del equipo de estilismo","es"
"315","Simulation & Effects Supervisor","de"
"315","Simulation & Effects Supervisor","en"
"315","Supervisor de simulación y efectos","es"
"316","Additional Story Material","de"
"316","Additional Story Material","en"
"316","Material adicional para el relato","es"
"318","Story Manager","de"
"318","Story Manager","en"
"318","Story Manager","en"
"318","Administrador de historias","es"
"321","Additional Storyboarding","de"
"321","Additional Storyboarding","en"
"321","Guión gráfico adicional","es"
"321","Storyboard aditionnel","fr"
"322","Additional Screenplay Material","de"
"322","Additional Screenplay Material","en"
"322","Material adicional de guion","es"
"322","Additional Screenplay Material","fr"
"323","Story Consultant","de"
"323","Story Consultant","en"
"324","Script Coordinator","de"
"324","Script Coordinator","en"
"324","Coordinador del guión","es"
"324","Coordinateur script","fr"
"325","Story Coordinator","de"
"325","Story Coordinator","en"
"325","Coordinador de la historia","es"
"326","Story Production Assistant","de"
"326","Story Production Assistant","en"
"326","Asistente de producción de historias","es"
"327","Art Department Manager","de"
"327","Art Department Manager","en"
"327","Gerente del departamento de Arte","es"
"329","Additional Character Design","de"
"329","Additional Character Design","en"
"329","Diseño de personajes adicionales","es"
"330","CG Painter","de"
"330","CG Painter","en"
"331","Production Artist","de"
"331","Production Artist","en"
"332","Sculptor","de"
"332","Sculptor","en"
"332","Escultor","es"
"333","Visual Development","de"
"333","Visual Development","en"
"333","Desarrollo visual","es"
"334","Art Department Coordinator","de"
"334","Art Department Coordinator","en"
"334","Coordinador del departamento de Arte","es"
"335","Art Department Assistant","de"
"335","Art Department Assistant","en"
"335","Asistente del departamento de Arte","es"
"336","Layout Manager","de"
"336","Layout Manager","en"
"336","Responsable de diseño","es"
"338","Lead Layout","de"
"338","Lead Layout Artist","de"
"338","Lead Layout","en"
"338","Lead Layout Artist","en"
"338","Diseño principal","es"
"339","Sequence Leads","de"
"339","Sequence Leads","en"
"340","Layout","de"
"340","Layout Artist","de"
"340","Blocking","en"
"340","Layout","en"
"340","Layout Artist","en"
"340","Maquetador","es"
"341","Layout Technical Support","de"
"341","Layout Technical Support","en"
"341","Soporte técnico de diseño","es"
"342","Layout Department Coordinator","de"
"342","Layout Department Coordinator","en"
"342","Coordinador del departamento de diseño","es"
"343","Additional Layout","de"
"343","Additional Layout","en"
"343","Diseño adicional","es"
"344","Set Dressing Manager","de"
"344","Set Dressing Manager","en"
"344","Gerente del equipo de estilismo","es"
"346","Additional Set Dressing","de"
"346","Additional Set Dressing","en"
"347","Set Dressing Production Assistant","de"
"347","Set Dressing Production Assistant","en"
"347","Asistente de producción del equipo de estilismo","es"
"348","Animation Manager","de"
"348","Animation Manager","en"
"348","Gerente de animación","es"
"349","Animation Director","de"
"349","Directing Animator","de"
"349","Animation Director","en"
"349","Directing Animator","en"
"349","Director de animación","es"
"350","Character Development","de"
"350","Character Development","en"
"350","Desarrollo de personajes","es"
"352","Fix Animator","de"
"352","Fix Animator","en"
"353","Animation Department Coordinator","de"
"353","Animation Department Coordinator","en"
"353","Coordinador del departamento de animación","es"
"354","Animation Fixes & Deliveries","de"
"354","Animation Fixes & Deliveries","en"
"355","Animation Fix Coordinator","de"
"355","Animation Fix Coordinator","en"
"355","Coordinador de animación fija","es"
"356","Animation Production Assistant","de"
"356","Animation Production Assistant","en"
"356","Asistente de producción de animación","es"
"357","Editorial Manager","de"
"357","Editorial Manager","en"
"357","Gerente editorial","es"
"358","Second Film Editor","de"
"358","Second Film Editor","en"
"358","Segundo editor de la película","es"
"359","Additional Editing","de"
"359","Additional Editing","en"
"359","Edición adicional","es"
"360","First Assistant Editor","de"
"360","First Assistant Editor","en"
"360","Primer asistente del editor","es"
"360","Premier assistant au montage","fr"
"361","Second Assistant Editor","de"
"361","Second Assistant Editor","en"
"362","Additional Editorial Assistant","de"
"362","Additional Editorial Assistant","en"
"362","Asistente de la editorial adicional","es"
"363","Temp Music Editor","de"
"363","Temp Music Editor","en"
"364","Temp Sound Editor","de"
"364","Temp Sound Editor","en"
"365","Editorial Coordinator","de"
"365","Editorial Coordinator","en"
"365","Coordinador editorial","es"
"365","Coordination montage","fr"
"366","Editorial Production Assistant","de"
"366","Editorial Production Assistant","en"
"366","Asistente de la producción editorial","es"
"367","Modeling Manager","de"
"367","Modeling Manager","en"
"367","Director de modelado","es"
"368","Lead Modeling Artist","de"
"368","Lead Modeler","en"
"368","Lead Modeling Artist","en"
"368","Artista principal de modelado","es"
"369","Modeling","de"
"369","Modeling","en"
"370","Modeling Coordinator","de"
"370","Modeling Coordinator","en"
"370","Coordinador de Modelaje","es"
"371","Shading Manager","de"
"371","Shading Manager","en"
"371","Gerente de sombreado","es"
"372","Lead Shading Artist","de"
"372","Lead Shading Artist","en"
"372","Artista principal de sombreado  ","es"
"373","Shading Artist","de"
"373","Shading Artist","en"
"373","Artista de sombreado","es"
"374","Shading","de"
"374","Shading","en"
"374","Sombreado","es"
"375","Shading Coordinator","de"
"375","Shading Coordinator","en"
"375","Coordinador de sombreado","es"
"376","Modeling & Shading Fix Coordinator","de"
"376","Modeling & Shading Fix Coordinator","en"
"377","Lighting Manager","de"
"377","Lighting Manager","en"
"377","Gerente de la iluminación","es"
"378","Directing Lighting Artist","de"
"378","Directing Lighting Artist","en"
"378","Director de iluminación","es"
"379","Master Lighting Artist","de"
"379","Master Lighting Artist","en"
"379","Maestro de iluminación","es"
"380","Lighting Artist","de"
"380","Lighting Artist","en"
"380","Artista de la iluminación","es"
"381","Lighting Coordinator","de"
"381","Lighting Coordinator","en"
"381","Coordinador de la iluminación","es"
"382","Lighting Production Assistant","de"
"382","Lighting Production Assistant","en"
"382","Asistente de producción de iluminación","es"
"383","Simulation & Effects Manager","de"
"383","Simulation & Effects Manager","en"
"383","Gerente de simulación y efectos","es"
"384","Sequence Supervisor","de"
"384","Sequence Supervisor","en"
"385","Simulation & Effects Artist","de"
"385","Simulation & Effects Artist","en"
"385","Artista de simulación y efectos","es"
"386","Additional Effects Development","de"
"386","Additional Effects Development","en"
"386","Desarrollo de les efectos adicionales","es"
"387","Simulation & Effects Coordinator","de"
"387","Simulation & Effects Coordinator","en"
"387","Coordinador de simulación y efectos","es"
"388","Simulation & Effects Production Assistant","de"
"388","Simulation & Effects Production Assistant","en"
"388","Asistente de producción de simulación y efectos","es"
"389","Software Team Lead","de"
"389","Software Team Lead","en"
"390","Software Engineer","de"
"390","Software Engineer","en"
"390","Ingeniero de software","es"
"391","Documentation & Support","de"
"391","Documentation & Support","en"
"391","Documentación y soporte técnico","es"
"392","Camera Department Manager","de"
"392","Camera Department Manager","en"
"392","Gerente del departamento de cámara","es"
"393","Camera Supervisor","de"
"393","Camera Supervisor","en"
"393","Supervisor de cámara","es"
"394","Camera Software & Engineering","de"
"394","Camera Software & Engineering","en"
"394","Cámara de Software e Ingeniería","es"
"395","Machinist","de"
"395","Machinist","en"
"395","Maquinista","es"
"396","Kameratechniker","de"
"396","Camera Technician","en"
"396","Técnico de cámara","es"
"397","Photoscience Manager","de"
"397","Photoscience Manager","en"
"397","Gerente de fotografía","es"
"398","Department Administrator","de"
"398","Department Administrator","en"
"398","Departmento administrador","es"
"399","Schedule Coordinator","de"
"399","Schedule Coordinator","en"
"399","Coordinador de horarios","es"
"400","Director of Production Finance","de"
"400","Director of Production Finance","en"
"400","Director de producción de finanzas","es"
"401","Supervisor of Production Resources","de"
"401","Supervisor of Production Resources","en"
"401","Supervisor de los recursos de producción","es"
"403","Assistant to the Co-Director","de"
"403","Assistant to the Co-Director","en"
"404","Production Office Assistant","de"
"404","Production Office Assistant","en"
"404","Asistente de oficina de producción","es"
"405","Information Systems Manager","de"
"405","Information Systems Manager","en"
"405","Gerente de sistemas de información","es"
"406","Systems Administrators & Support","de"
"406","Systems Administrators & Support","en"
"406","Administradores de sistemas y soporte técnico","es"
"408","Editorial Services","de"
"408","Editorial Services","en"
"408","Servicios editoriales","es"
"409","Projection","de"
"409","Projection","en"
"409","Proyección","es"
"410","Post Production Assistant","de"
"410","Post-Production Assistant","en"
"410","Asistente de post producción","es"
"411","Original Dialogue Mixer","de"
"411","Original Dialogue Mixer","en"
"411","Mezclador de diálogos originales","es"
"412","Sound Design Assistant","de"
"412","Sound Design Assistant","en"
"412","Ayudante de diseño de sonido ","es"
"413","Mix Technician","de"
"413","Mix Technician","en"
"413","Mix técnico","es"
"415","Assistant Music Editor","de"
"415","Assistant Music Editor","en"
"415","Asistente del editor de música","es"
"416","Music Production Manager","de"
"416","Music Production Manager","en"
"416","Gerente de producción de música","es"
"419","Scenario Writer","de"
"419","Scenario Writer","en"
"419","Guionista","es"
"419","Auteur de scénario","fr"
"420","Mechanical & Creature Designer","de"
"420","Mechanical & Creature Designer","en"
"420","Diseñador de mecanismos y criaturas","es"
"421","Motion Actor","de"
"421","Motion Actor","en"
"421","Actor cinematográfico","es"
"422","Battle Motion Coordinator","de"
"422","Battle Motion Coordinator","en"
"423","Character Technical Supervisor","de"
"423","Character Technical Supervisor","en"
"423","Supervisor técnico de personajes","es"
"423","Character Technical Supervisor","fr"
"424","Character Model Supervisor","de"
"424","Character Model Supervisor","en"
"424","Supervisor de modelos de personajes","es"
"425","Sets & Props Supervisor","de"
"425","Sets & Props Supervisor","en"
"426","Animation Supervisor","de"
"426","Animation Supervisor","en"
"426","Supervisor de animación","es"
"427","VFX Supervisor","de"
"427","VFX Director","en"
"427","VFX Supervisor","en"
"427","Supervisor VFX","es"
"428","Composite Supervisor","de"
"428","Composite Supervisor","en"
"429","Tätowierer","de"
"429","Tattooist","en"
"429","Tatuador","es"
"431","Character Model Artist","de"
"431","Character Model Artist","en"
"431","Artista de modelos de personajes","es"
"432","Cloth Setup","de"
"432","Cloth Setup","en"
"432","Ajuste de ropas","es"
"433","Facial Setup Artist","de"
"433","Facial Setup Artist","en"
"433","Maquillador de cara","es"
"434","Hair Setup","de"
"434","Hair Setup","en"
"434","Peluquería","es"
"435","Sets & Props Artist","de"
"435","Sets & Props Artist","en"
"436","Motion Capture Artist","de"
"436","Motion Capture Artist","en"
"436","Artista de captura de movimiento","es"
"438","Spezialist für Animation und digitale Effekte","de"
"438","Visual Effects Artist","en"
"438","Artista VFX","es"
"439","Sequence Artist","de"
"439","Sequence Artist","en"
"440","CG Engineer","de"
"440","CG Engineer","en"
"442","Background Designer","de"
"442","Background Designer","en"
"442","Diseñador del fondo","es"
"443","Mixing Engineer","de"
"443","Mixing Engineer","en"
"443","Ingeniero de mezcla","es"
"444","Senior Sound Editor","de"
"444","Senior Sound Editor","en"
"445","Special Sound Effects","de"
"445","Special Sound Effects","en"
"445","Efectos especiales de sonido  ","es"
"446","Dialogue Editor","de"
"446","Dialogue Editor","en"
"446","Editor de diálogos","es"
"446","Monteur dialogue","fr"
"447","Assistant Dialogue Editor","de"
"447","Assistant Dialogue Editor","en"
"447","Asistente del editor de diálogos","es"
"448","Stunt Coordinator","de"
"448","Stunts Coordinator","de"
"448","Stunt Coordinator","en"
"448","Stunts Coordinator","en"
"448","Coordinador de escenas peligrosas","es"
"449","Location Coordinator","de"
"449","Location Coordinator","en"
"449","Coordinador de localización","es"
"450","Post-Production Manager","de"
"450","Post-Production Manager","en"
"450","Director de postproducción","es"
"455","Co-Art Director","de"
"455","Co-Art Director","en"
"455","Co-Director de Arte","es"
"462","Non-Original Music","de"
"462","Non-Original Music","de"
"462","Non-Original Music","en"
"462","Non-Original Music","en"
"462","Música no-original","es"
"469","Screen Story","de"
"469","Screen Story","en"
"469","Screenstory","en"
"469","Screenstory","en"
"469","Script","es"
"469","Script","fr"
"473","Herstellungsleiter","de"
"473","Herstellungsleitung","de"
"473","Herstellungsleitung","en"
"473","Productor de supervisión","es"
"474","Musikberatung","de"
"474","Musikberatung","en"
"474","Supervisor de música","es"
"476","Assistant Producer","de"
"476","Assistant Producer","en"
"476","Asistente del Productor","es"
"476","Producteur assistant","fr"
"477","Graphic Novel","de"
"477","Graphic Novel","en"
"477","Graphic Novel","en"
"477","Graphic Novel","en"
"477","Novela gráfica","es"
"477","Roman graphique","fr"
"481","Development Manager","de"
"481","Development Manager","en"
"481","Gerente de desarrollo","es"
"482","Post Production Consulting","de"
"482","Post Production Consulting","en"
"482","Post producción de Consultoría","es"
"483","Assistant Art Director","de"
"483","Assistant Art Director","en"
"483","Asistente del Director de Arte","es"
"486","Set Decoration Buyer","de"
"486","Set Decoration Buyer","en"
"486","Comprador de la decoración del escenario","es"
"488","On Set Dresser","de"
"488","Set Dresser","de"
"488","Set Dressing Artist","de"
"488","On Set Dresser","en"
"488","Set Dresser","en"
"488","Set Dresser","en"
"488","Set Dressing Artist","en"
"488","Equipo de estilismo","es"
"490","Greensman","de"
"490","Greensman","en"
"490","Responsable \"color verde\"","es"
"491","Camera Loader","de"
"491","Camera Loader","en"
"492","Camera Intern","de"
"492","Camera Intern","en"
"492","Camera Intern","en"
"492","Cámara interno","es"
"494","Video Assist Operator","de"
"494","Video Assist Operator","en"
"495","24 Frame Playback","de"
"495","24 Frame Playback","en"
"497","Archival Footage Coordinator","de"
"497","Archival Footage Coordinator","en"
"497","Coordinador de material de archivo","es"
"498","Archival Footage Research","de"
"498","Archival Footage Research","en"
"498","Búsqueda de material de archivo","es"
"499","Kabelträger","de"
"499","Cableman","en"
"500","Assistent des Autors","de"
"500","Writer's Assistant","en"
"500","Asistente del autor","es"
"500","Assistant de l'auteur","fr"
"502","Key Production Office Assistant","de"
"502","Key Production Office Assistant","en"
"503","Production Intern","de"
"503","Production Intern","en"
"503","Production Intern","en"
"503","Aprendiz de producción","es"
"505","Best Boy Electrician","de"
"505","Best Boy Electrician","en"
"505","Asistente electricista","es"
"506","Rigging Gaffer","de"
"506","Rigging Gaffer","en"
"506","Gaffer de aparejos","es"
"507","Best Boy Grip","de"
"507","Best Boy Grip","en"
"508","Rigging Grip","de"
"508","Rigging Grip","en"
"509","Makeup Department Head","de"
"509","Makeup Department Head","en"
"509","Departamento principal de maquillaje","es"
"510","Key Makeup Artist","de"
"510","Key Makeup Artist","en"
"510","Artista de maquillaje clave","es"
"512","Assistant Hairstylist","de"
"512","Assistant Hairstylist","en"
"512","Asistente de peluquería","es"
"513","Hairstylist","de"
"513","Hairstylist","en"
"513","Peluquero","es"
"514","Perückenmacher","de"
"514","Wigmaker","en"
"514","Wigmaker","en"
"514","Responsable de pelucas","es"
"516","Costume Supervisor","de"
"516","Costume Supervisor","en"
"516","Supervisor de vestuario","es"
"517","Set Costumer","de"
"517","Set Costumer","en"
"517","Equipo vestuario","es"
"520","Executive In Charge Of Production","de"
"520","Executive In Charge Of Production","en"
"520","Ejecutivo en cargo de producción","es"
"520","Executif en charge de la production","fr"
"521","Executive In Charge Of Post Production","de"
"521","Executive In Charge Of Post Production","en"
"521","Ejecutivo en cargo de Post-producción","es"
"521","Executif en charge de la  post-production","fr"
"525","Special Effects Coordinator","de"
"525","Special Effects Coordinator","en"
"527","Utility Stunts","de"
"527","Utility Stunts","en"
"527","Utility Stunts","en"
"529","Gun Wrangler","de"
"529","Gun Wrangler","en"
"530","Key Assistant Location Manager","de"
"530","Key Assistant Location Manager","en"
"530","Asistentes del Gerente de localización","es"
"534","Actor's Assistant","de"
"534","Actor's Assistant","en"
"534","Actor's Assistant","en"
"534","Actor's Assistant","en"
"534","Actor's Assistant","en"
"534","Asistente del actor","es"
"537","Dialect Coach","de"
"537","Dialect Coach","en"
"537","Consejero dialéctico","es"
"538","Stand In","de"
"538","Stand In","en"
"538","Stand In","en"
"538","Stand In","en"
"538","Stand In","en"
"538","Stand In","en"
"538","Doble","es"
"538","Sustituto","es"
"543","Key Set Production Assistant","de"
"543","Key Set Production Assistant","en"
"544","Set Production Assistant","de"
"544","Set Production Assistant","en"
"544","Set Production Assistant","en"
"550","Set Production Intern","de"
"550","Set Production Intern","en"
"550","Set Production Intern","en"
"550","Set Production Intern","en"
"550","Set Production Intern","en"
"550","Set Production Intern","en"
"552","Background Casting","de"
"552","Background Casting","en"
"552","Background Casting","en"
"554","Production Controller","de"
"554","Production Controller","en"
"554","Production Controller","en"
"554","Controlador de la producción","es"
"558","Set Medic","de"
"558","Set Medic","en"
"558","Set Medic","en"
"558","Médico","es"
"560","Studio Teacher","de"
"560","Studio Teacher","en"
"560","Studio Teacher","en"
"560","Studio Teachers","en"
"562","Chef","de"
"562","Chef","en"
"563","Craft Service","de"
"563","Craft Service","en"
"563","Crafts Service","en"
"563","Servicio catering","es"
"564","Construction Coordinator","de"
"564","Construction Coordinator","en"
"564","Construction Coordinator","en"
"564","Coordinador de construcción","es"
"565","Construction Foreman","de"
"565","Construction Foreman","en"
"565","Capataz de construcción","es"
"566","Lead Painter","de"
"566","Lead Painter","en"
"566","Pintor de plomo","es"
"567","Kulissenmaler","de"
"567","Scenic Artist","en"
"567","Pintor de escenarios","es"
"568","Sign Painter","de"
"568","Sign Painter","en"
"568","Pintor de señales","es"
"569","Standby Painter","de"
"569","Standby Painter","en"
"569","Pintor en espera","es"
"571","Assistant Property Master","de"
"571","Assistant Property Master","en"
"571","Asistente del utilero","es"
"572","Prop Maker","de"
"572","Propmaker","de"
"572","Prop Maker","en"
"572","Propmaker","en"
"572","Fabricante de accesorios","es"
"574","Transportation Captain","de"
"574","Transportation Captain","en"
"574","Jefe de transportación","es"
"574","Jefe de transporte","es"
"575","Transportation Co-Captain","de"
"575","Transportation Co-Captain","en"
"575","Segundo jefe de transportación","es"
"575","Segundo jefe de transportes","es"
"576","Picture Car Coordinator","de"
"576","Picture Car Coordinator","en"
"576","Coordinador de imagen de coches","es"
"586","Fahrer","de"
"586","Driver","en"
"586","Driver","en"
"586","Driver","en"
"586","Chófer","es"
"594","Security","de"
"594","Security","en"
"594","Seguridad","es"
"595","Second Unit Cinematographer","de"
"595","Second Unit Cinematographer","en"
"595","Cinematógrafo de la segunda unidad","es"
"597","Leadman","de"
"597","Leadman","en"
"597","Leadman","en"
"597","Jefe de equipo","es"
"599","Loader","de"
"599","Loader","en"
"599","Cargador","es"
"600","Requisiteur","de"
"600","Property Master","en"
"600","Property Master","en"
"600","Utilero","es"
"601","Key Hairstylist","de"
"601","Key Hairstylist","en"
"601","Key Hairstylist","en"
"601","Peluquería clave","es"
"602","Extras Casting","de"
"602","Extras Casting","en"
"602","Casting de Extras","es"
"604","Transportation Coordinator","de"
"604","Transportation Coordinator","en"
"604","Coordinador de transporte","es"
"606","Additional Music Supervisor","de"
"606","Additional Music Supervisor","en"
"606","Supervisor de música adicional","es"
"608","First Assistant Sound Editor","de"
"608","First Assistant Sound Editor","en"
"608","Primer asistente del editor de sonido","es"
"610","Digital Assistant Sound Editor","de"
"610","Digital Assistant Sound Editor","en"
"610","Digital Assistant Sound Editor","en"
"610","Asistente de edición de sonido digital","es"
"611","Imaging Science","de"
"611","Imaging Science","en"
"614","Compositor","de"
"614","Compositor","en"
"614","Compositor","en"
"614","Compositors","en"
"615","E/A Supervisor","de"
"615","Eingabe/Ausgabe-Supervisor","de"
"615","I/O Supervisor","de"
"615","I/O Supervisor","en"
"615","Input/Output Supervisor","en"
"618","Visual Effects Producer","de"
"618","Visual Effects Producer","en"
"618","Productor de efectos visuales","es"
"619","Digital Color Timer","de"
"619","Digital Color Timer","en"
"619","Graduación de colores digital","es"
"620","Digital Colorist Assist","de"
"620","Digital Colorist Assist","en"
"620","Asistente del colorista digital","es"
"622","VFX Production Coordinator","de"
"622","VFX Production Coordinator","en"
"622","Coordinador de producción VFX","es"
"623","Digital Intermediate Assistant Producer","de"
"623","Digital Intermediate Assistant Producer","en"
"624","DI","de"
"624","Digital Intermediate","de"
"624","DI","en"
"624","Digital Intermediate","en"
"624","Digital Intermediate Editor","en"
"625","Manager of Operations","de"
"625","Manager of Operations","en"
"625","Gerente de operaciones","es"
"626","E/A Manager","de"
"626","Eingabe/Ausgabe-Manager","de"
"626","I/O Manager","de"
"626","I/O Manager","en"
"626","Input/Output Manager","en"
"627","Digital Intermediate Services Coordinator","de"
"627","Digital Intermediate Services Coordinator","en"
"628","Quality Control Supervisor","de"
"628","Quality Control Supervisor","en"
"628","Supervisor de control de calidad","es"
"631","Legal Services","de"
"631","Legal Services","en"
"631","Legal Services","en"
"631","Legal Services","en"
"631","Legal Services","en"
"631","Servicios legales","es"
"633","Unit Publicist","de"
"633","Unit Publicist","en"
"634","Public Relations","de"
"634","Public Relations","en"
"634","Relaciones Públicas","es"
"637","Finance","de"
"637","Finance","en"
"637","Finance","en"
"637","Finance","en"
"637","Finanzas","es"
"639","Administration","de"
"639","Administration","en"
"639","Administration","en"
"639","Administración","es"
"639","Administration","fr"
"640","Scoring Mixer","de"
"640","Scoring Mixer","en"
"641","Dirigent","de"
"641","Orchestra Conductor","en"
"641","Conductor de orquestra","es"
"642","Orchestra Manager","de"
"642","Orchestra Manager","en"
"642","Gerente de orquestra","es"
"643","Music Contractor","de"
"643","Music Contractor","en"
"643","Contratista de música","es"
"644","Solo Piano","de"
"644","Solo Piano","en"
"644","Solo Piano","en"
"646","Solo Violin","de"
"646","Solo Violin","en"
"647","Solo Cello","de"
"647","Solo Cello","en"
"648","Score Engineer","de"
"648","Score Engineer","en"
"649","Übersetzer/in","de"
"649","Translator","en"
"649","Traductor/a","es"
"650","Title Graphics","de"
"650","Title Graphics","en"
"650","Gráficos de título","es"
"651","Telecine Colorist","de"
"651","Telecine Colorist","en"
"652","Color Timer","de"
"652","Color Grading","en"
"652","Color Timer","en"
"652","Graduación de colores","es"
"653","Dolby Consultant","de"
"653","Dolby Consultant","en"
"653","Consultor de Dolby","es"
"654","Music Supervisor","de"
"654","Music Supervisor","en"
"654","Supervisor de música","es"
"655","Original Music","de"
"655","Original Music","en"
"655","Música original","es"
"656","Sound Recordist","de"
"656","Sound Recordist","en"
"656","Grabador de sonido","es"
"657","Texte","de"
"657","Texte","en"
"657","Textos","es"
"658","Musical","de"
"658","Musical","en"
"658","Música","es"
"658","Musicien","fr"
"661","Teleplay","de"
"661","Teleplay","en"
"661","Teleplay","en"
"661","Teleplay","en"
"661","Teleplay","en"
"661","Teleplay","en"
"661","Guión","es"
"666","Production Mixer","de"
"666","Production Mixer","en"
"666","Mezclador de producción","es"
"667","Key Costumer","de"
"667","Key Costumer","en"
"673","Maske","de"
"673","Maske","en"
"673","Máscara","es"
"674","Tonbearbeitung","de"
"674","Tonbearbeitung","en"
"674","Videojuegos","es"
"675","Executive Music Supervisor","de"
"675","Executive Music Supervisor","en"
"675","Ejecutivo supervisor de música","es"
"676","Martial Arts Choreographer","de"
"676","Martial Arts Choreographer","en"
"676","Coreógrafo de Artes Marciales","es"
"677","Tagebuch","de"
"677","Diary","en"
"677","Diario","es"
"678","Garderobe","de"
"678","Kleidung","de"
"678","Kostümbild","de"
"678","Kostümbildner","de"
"678","Kostüme","de"
"678","Kostüme","de"
"678","Costume Design","en"
"678","Costumer","en"
"678","Costums","en"
"678","Vestuario","es"
"681","Andere (Crew)","de"
"681","Other (Crew)","en"
"681","Otros (equipo de rodaje)","es"
"682","Maskenbildner","de"
"682","Maskenbildner","en"
"682","Maquillador","es"
"683","Steadycam","de"
"683","Steadycam","en"
"684","Color Design","de"
"684","Color Designer","de"
"684","Farbdesign","de"
"684","Color Design","en"
"684","Color Designer","en"
"684","Diseñador de color","es"
"687","Production Illustrator","de"
"687","Illustrator","en"
"687","Production Illustrator","en"
"687","Storyboard Artist","en"
"687","Ilustrador de producción","es"
"701","Executive in Charge of Finance","de"
"701","Executive in Charge of Finance","en"
"701","Ejecutivo responsable de las finanzas","es"
"702","Associate Choreographer","de"
"702","Associate Choreographer","en"
"702","Coreógrafo asociado","es"
"703","Makeup Effects","de"
"703","Makeup Effects","en"
"703","Efectos de maquillaje","es"
"704","Redaktion","de"
"704","Redaktion","en"
"705","Treatment","de"
"705","Treatment","en"
"706","Ausführender Co-Produzent","de"
"706","Co-Executive Producer","en"
"706","Co-Productor ejecutivo","es"
"708","Dramaturgie","de"
"708","Dramaturgie","en"
"708","Dramaturgia","es"
"709","Creative Consultant","de"
"709","Creative Consultant","en"
"709","Consultor creativo","es"
"711","Skript","de"
"711","Script","en"
"712","Lighting Camera","de"
"712","Lighting Camera","en"
"712","Cámara de luz","es"
"713","Technical Supervisor","de"
"713","Technical Supervisor","en"
"713","Supervisor técnico","es"
"714","CGI Supervisor","de"
"714","CGI Supervisor","en"
"715","Tongestaltung","de"
"715","Sound Design","en"
"715","Diseño de sonido","es"
"716","Commissioning Editor","de"
"716","Commissioning Editor","en"
"717","Klimatechnik","de"
"717","Klimatechnik","en"
"717","Climatización","es"
"719","Tiertrainer","de"
"719","Animal Trainer","en"
"719","Entrenador de animales","es"
"720","Animatronic and Prosthetic Effects","de"
"720","Animatronic and Prosthetic Effects","en"
"729","Executive Visual Effects Producer","de"
"729","Executive Visual Effects Producer","en"
"729","Productor ejecutivo de efectos visuales","es"
"730","Visual Effects Design Consultant","de"
"730","Visual Effects Design Consultant","en"
"731","Digital Effects Supervisor","de"
"731","Digital Effects Supervisor","en"
"731","Supervisor de efectos digitales","es"
"732","Digital Producer","de"
"732","Digital Producer","en"
"732","Productor digital","es"
"733","CG Supervisor","de"
"733","CG Supervisor","en"
"734","Visual Effects Art Director","de"
"734","Visual Effects Art Director","en"
"735","Visual Effects Editor","de"
"735","Visual Effects Editor","en"
"735","Editor de efectos visuales","es"
"739","Regieassistenz","de"
"739","Assistant Director ","en"
"739","Asistente de dirección","es"
"740","Story","de"
"740","Story","en"
"742","Additional Writing","de"
"742","Additional Writing","en"
"742","Escritura adicional","es"
"743","Additional Music","de"
"743","Additional Music","en"
"743","Música adicional","es"
"744","Sailor","de"
"744","Sailor","en"
"744","Marinero","es"
"745","Dank an","de"
"745","Danke","de"
"745","Danksagung","de"
"745","Acknowledgment","en"
"745","Special Thanks","en"
"745","Thanks","en"
"745","Thanks to","en"
"745","Thanx","en"
"745","Agradecimiento","es"
"745","Agradecimientos especiales","es"
"745","Gracias","es"
"748","Poem","de"
"748","Poem","en"
"748","Poesía","es"
"749","Oper","de"
"749","Opera","en"
"749","Opéra","fr"
"754","Szenografie","de"
"754","Scenography","en"
"754","Escenografía","es"
"756","Mischung","de"
"756","Mischung","en"
"756","Mezcla","es"
"757","Titelgestalter","de"
"757","Titelgestaltung","de"
"757","Diseñador de títulos","en"
"757","Titel Design","en"
"757","Title Designer","en"
"757","Title Designer","en"
"757","Diseñador de títulos","es"
"757","Diseño de títulos","es"
"758","Musikmischung","de"
"758","Musikmischung","en"
"758","Mezcla de música","es"
"759","Executive Music Producer","de"
"759","Executive Music Producer","en"
"759","Productor ejecutivo música","es"
"760","Schuhdesign","de"
"760","Shoe Design","en"
"760","Diseñador de zapatos","es"
"765","Comic-Zeichner","de"
"765","Comics Artist","en"
"765","Dibujante de comics","es"
"770","Story Conception","de"
"770","Story Conception","en"
"770","Concepción del relato","es"
"771","Zusätzliche Dialoge","de"
"771","Additional Dialogue","en"
"771","Diálogo adicional","es"
"772","Konzeptor","de"
"772","Creator","en"
"772","Creador","es"
"772","Créateur","fr"
"774","Haare","de"
"774","Haare","en"
"774","Hair","en"
"774","Cabello","es"
"774","Pelo","es"
"775","Technical Coordinator","de"
"775","Technical Coordinator","en"
"775","Coordinador técnico","es"
"776","Titelsong","de"
"776","Title Song","en"
"776","Tema musical","es"
"777","Charge Scenic","de"
"777","Charge Scenic","en"
"778","On-Set Dresser","de"
"778","On-Set Dresser","en"
"778","On-Set Dresser","es"
"779","ADR Dialogue Supervisor","de"
"779","ADR Dialogue Supervisor","en"
"779","Supervisor de diálogos ADR","es"
"780","Special Effects Supervisor","de"
"780","Special Effects Supervisor","en"
"780","Supervisor de efectos especiales","es"
"781","Digital Compositor","de"
"781","Digital Compositor","en"
"781","Compositor digital","es"
"782","Chief Lighting Technician","de"
"782","Chief Lighting Technician","en"
"782","Jefe técnico de iluminación","es"
"783","Film Loader","de"
"783","Film Loader","en"
"783","Cargador de películas","es"
"784","Assistant Costume Designer","de"
"784","Assistant Costume Designer","en"
"784","Asistente de diseño de vestuario","es"
"785","Kostümassistenz","de"
"785","Costume Assistant","en"
"785","Asistente de vestuario","es"
"787","Costume Production Assistant","de"
"787","Costume Production Assistant","en"
"787","Asistente de producción de vestuario","es"
"788","Colorist","de"
"788","Colorist","en"
"788","Colourist","en"
"788","Colorista","es"
"791","Online Editor","de"
"791","Online Editor","en"
"791","Editor online","es"
"794","Technical Score Producer","de"
"794","Technical Score Producer","en"
"795","Co-Composer","de"
"795","Co-Composer","en"
"795","Co-Compositor","es"
"796","Assistant to Composer","de"
"796","Assistant to Composer","en"
"796","Asistente del compositor","es"
"797","Assistant to Executive Producer","de"
"797","Assistant to Executive Producer","en"
"797","Asistente del productor ejecutivo","es"
"799","Military Advisor","de"
"799","Military Advisor","en"
"799","Asesor Militar","es"
"801","Continuity","de"
"801","Continuity","en"
"801","Continuista","es"
"802","Manga","de"
"802","Manga","en"
"803","Libretto","de"
"803","Libretto","en"
"803","Libreto","es"
"804","Character Animation","de"
"804","Character Animation","en"
"804","Animación de personajes","es"
"804","Bohater animowany","pl"
"805","Character Design","de"
"805","Character Design","en"
"805","Diseño de personajes","es"
"806","Co-Autor","de"
"806","Co-Writer","en"
"806","Co-Guionista","es"
"819","Executive Script Consultant","de"
"819","Executive Script Consultant","en"
"819","Consultor ejecutivo de guiones","es"
"821","Special Technical Advisor","de"
"821","Special Technical Advisor","en"
"821","Asesor técnico especial","es"
"823","Head of Research","de"
"823","Head of Research","en"
"823","Jefe de investigación ","es"
"824","Erzähler","de"
"824","Narrator","en"
"824","Narrador","es"
"824","Narrateur","fr"
"825","Archivmaterial","de"
"825","Archive footage","en"
"825","Material de archivo","es"
"826","Gezeigte Person","de"
"826","Shown person","en"
"826","Persona que aparece","es"
"826","Personne montrée","fr"
"827","Assistant Makeup Artist","de"
"827","Assistant Makeup Artist","en"
"827","Asistente de Maquillaje","es"
"828","Foley Assistant","en"
"828","Asistente del diseñador de sonidos","es"
"829","Grafikdesigner","de"
"829","Graphic Designer","en"
"829","Diseñador gráfico","es"
"830","Technischer Zeichner","de"
"830","Drafter","en"
"830","Draughtsman","en"
"830","Delineante técnico","es"
"830","Dibujante","es"
"830","Ilustrador técnico","es"
"831","Staff Production Assistant","de"
"831","Staff Production Assistant","en"
"831","Asistente de producción del personal","es"
"832","Production Safety","de"
"832","Production Safety","en"
"832","Seguridad de la producción","es"
"833","ADR Voice Cast","de"
"833","ADR Voice Cast","en"
"834","2. Produktionsbuchhaltung Assistenz","de"
"834","Second Assistant Accountant","en"
"835","Synchronsprecher","de"
"835","Voice Actor","en"
"835","Actor de voz","es"
"837","Tiertrainer","de"
"837","Animal Wrangler","en"
"837","Cuidador de animales","es"
"837","Domador de animales","es"
"838","Kostümdesign","de"
"838","Costume Designer","en"
"838","Diseñador/a de vestuario","es"
"839","Set Director","de"
"839","Set Director","en"
"840","Techniker","de"
"840","Technician","en"
"840","Técnico","es"
"841","Makeup Department","de"
"841","Makeup Department","en"
"841","Departamento de maquillaje","es"
"842","Special Makeup Effects","de"
"842","Special Makeup Effects","en"
"842","Efectos especiales de maquillaje","es"
"843","Silikontechniker","de"
"843","Silicone Technician","en"
"843","Técnico de silicona","es"
"844","Prosthetic Technician","de"
"844","Prosthetic Technician","en"
"845","Prosthetic Makeup Designer","de"
"845","Prosthetic Makeup Designer","en"
"846","Prosthetic Makeup Supervisor","de"
"846","Prosthetic Makeup Supervisor","en"
"847","Post Production Supervisor","de"
"847","Post-Production Supervisor","de"
"847","Post Production Supervisor","en"
"847","Post-Production Supervisor","en"
"847","Supervisor de postproducción","es"
"848","Third Third Assistant Director","de"
"848","Third Third Assistant Director","en"
"849","Schreiner","de"
"849","Carpenter","en"
"849","Carpintero","es"
"850","Maler","de"
"850","Painter","en"
"850","Pintor","es"
"851","Konstruktionsmanager","de"
"851","Construction Manager","en"
"851","Director de construcción","es"
"852","Casting Assistent","de"
"852","Casting Assistant","en"
"852","Ayudante de casting","es"
"853","Associate Costume Designer","de"
"853","Associate Costume Designer","en"
"853","Diseñador de vestuario adjunto","es"
"854","Music Consultant","de"
"854","Music Consultant","en"
"855","Score Mixer","de"
"855","Score Mixer","en"
"856","Vocals","de"
"856","Vocals","en"
"857","Script Clearances","de"
"857","Script Clearances","en"
"858","Production Legal Advisor","de"
"858","Production Legal Advisor","en"
"859","Runner","de"
"859","Runner","en"
"860","Production Executive","de"
"860","Production Executive","en"
"861","Staff Writer","de"
"861","Staff Writer","en"
"862","Interviewer","de"
"862","Interviewer","en"
"863","Dive Instructor","de"
"863","Dive Instructor","en"
"864","Safety Diver","de"
"864","Safety Diver","en"
"865","Post Production Sound","de"
"865","Post Production Sound","en"
"866","Assistant Electrician","de"
"866","Assistant Electrician","en"
"867","Grip Assistant","de"
"867","Grip Assistant","en"
"868","Music Preparation","de"
"868","Music Preparation","en"
"869","Development Executive","de"
"869","Development Executive","en"
"870","Assistant Decorator","de"
"870","Assistant Decorator","en"
"871","Making-Of","de"
"871","Making-Of","en"
"872","Extras Casting Assistant","de"
"872","Extras Casting Assistant","en"
"873","Editorial Advisor","de"
"873","Editorial Advisor","en"
"874","Post-Production Coordinator","de"
"874","Post-Production Coordinator","en"
"875","Orchestrator","de"
"875","Orchestrator","en"
"876","Musiker","de"
"876","Musician","en"
"876","Músico","es"
"877","Assistant Music Recording","de"
"877","Assistant Music Recording","en"
"878","Transportation","de"
"878","Transportation","en"
"879","Acting Coach","de"
"879","Acting Coach","en"
"880","Supervising Art Director","de"
"880","Supervising Art Director","en"
"881","Crowd Supervisor","de"
"881","Crowd Supervisor","en"
"882","Makeup Supervisor","de"
"882","Makeup Supervisor","en"
"883","Crowd Hair and Makeup Artist","de"
"883","Crowd Hair and Makeup Artist","en"
"884","Hair Designer","de"
"884","Hair Designer","en"
"885","Additional Third Assistant Director","de"
"885","Additional Third Assistant Director","en"
"886","Head Scenic Painter","de"
"886","Head Scenic Painter","en"
"887","Prop Buyer","de"
"887","Prop Buyer","en"
"888","Graphic Design Assistant","de"
"888","Graphic Design Assistant","en"
"889","Production Buyer","de"
"889","Production Buyer","en"
"890","Sound Maintenance","de"
"890","Sound Maintenance","en"
"891","Senior Special Effects Technician","de"
"891","Senior Special Effects Technician","en"
"892","Special Effects Technician","de"
"892","Special Effects Technician","en"
"893","VFX Colorist","de"
"893","VFX Colorist","en"
"894","Crane Technician","de"
"894","Crane Technician","en"
"895","Additional Casting","de"
"895","Additional Casting","en"
"896","Assistant Unit Manager","de"
"896","Assistant Unit Manager","en"
"897","Digital Artist","de"
"897","Digital Artist","en"
"898","Flame Artist","de"
"898","Flame Artist","en"
"899","Data Manager","de"
"899","Data Manager","en"
"900","Videojournalist","de"
"900","Videojournalist","en"
"901","Music Coordinator","de"
"901","Music Coordinator","en"
"902","Assistant Sound Mixer","de"
"902","Assistant Sound Mixer","en"
"903","Additional Sound","de"
"903","Additional Sound","en"
"904","Special Effects Assistant","de"
"904","Special Effects Assistant","en"
"905","3. Kamerassistenz","de"
"905","Third Assistant Camera","de"
"905","Third Assistant Camera","en"
"906","Presse","de"
"906","Press","en"
"906","Prensa","es"
"907","DVD Producer","de"
"907","DVD Producer","en"
"908","Stage Manager","de"
"908","Stage Manager","en"
"909","Deputy Director","de"
"909","Deputy Director","en"
"910","Fighting Instructor","de"
"910","Fighting Instructor","en"
"911","Action Coordinator","de"
"911","Action Coordinator","en"
"912","Moderator","de"
"912","Host","en"
"912","Presenter","en"
"912","Presentador","es"
"913","Assistant Set Designer","de"
"913","Assistant Set Designer","en"
"914","Chief Electrician","de"
"914","Chief Electrician","en"
"915","Color Consultant","de"
"915","Color Consultant","en"
"916","Conductor","de"
"916","Conductor","en"
"917","Assistant Production Secretary","de"
"917","Assistant Production Secretary","en"
"918","Production Secretary","de"
"918","Production Secretary","en"
"919","General Manager","de"
"919","General Manager","en"
"920","Recherche","de"
"920","Research","en"
"920","Búsqueda","es"
"920","Indagación","es"
"920","Investigación","es"
"921","Camera Trainee","en"
"922","Makeup Trainee","en"
"923","Costume Trainee","en"
"924","Editorial Trainee","en"
"925","Covid Marshall","en"
"926","Catering","en"
"927","3D Artist","de"
"927","3D Artist","en"
"928","Garderobe","de"
"928","Wardrobe","en"
"929","Lead Colorist","de"
"929","Lead Colorist","en"
"930","Production Driver","de"
"930","Production Driver","en"
"931","Additional Boom Operator","de"
"931","Additional Boom Operator","en"
"932","Subtitles","de"
"932","Subtitles","en"
"933","Hair Department Head","de"
"933","Hair Department Head","en"
"934","Second Assistant Boom Operator","de"
"934","Second Assistant Boom Operator","en"
"935","Visual Effects Coordinator","de"
"935","Visual Effects Coordinator","en"
"936","Senior Colorist","de"
"936","Senior Colorist","en"
"937","Child Acting Coach","de"
"937","Child Acting Coach","en"
"938","Health and Safety Manager","de"
"938","Health and Safety Manager","en"
